<?xml version="1.0" encoding="utf-8"?>
<extension
	type="module"
	version="1.7"
	client="site">
	<name>MDC Module</name>
	<files>
		<filename module="mod_mdcmod">mod_mdcmod.php</filename>
		<filename>index.html</filename>
		<folder>tmpl</folder>
	</files>

	<config>
		<fields name="params">
			<fieldset name="basic">
				<field name="icon" type="media"
					label="Icon" description="" />
				<field
					name="content"
					type="textarea"
					label="Content"
					description=""/>
				<field
					name="button"
					type="text"
					label="Button Name"
					description=""/>
				<field
					name="link"
					type="text"
					label="Link"
					description=""/>
			</fieldset>
		</fields>
	</config>
</extension>
