<?xml version="1.0" encoding="utf-8"?>
<extension type="module" version="1.6.0" client="site">
	<name>MDC News</name>
    <author>Eric</author>
	<files>
		<filename module="mod_mdcnews">mod_mdcnews.php</filename>
		<filename>helper.php</filename>
		<filename>index.html</filename>
		<folder>js/</folder>
		<folder>css/</folder>
		<folder>tmpl/</folder>
		<folder>images/</folder>
	</files>
    
	<config>
		<fields name="params">
			<fieldset name="basic">
    			<field
    				name="category"
				    type="category"
				    extension="com_content"
					label="Category"
    				/>
    			<field
    				name="limit"
				    type="list"
					label="Limit">
    				<option value="1">J1</option>
    				<option value="2">J2</option>
    				<option value="3">J3</option>
    				<option value="4">J4</option>
    				<option value="5">J5</option>
    				<option value="6">J6</option>
    				<option value="7">J7</option>
    				<option value="8">J8</option>
    				<option value="9">J9</option>
    				<option value="10">J10</option>
                </field>
    			<field
    				name="show"
				    type="list"
					label="Show">
    				<option value="author">Author</option>
    				<option value="title">Title</option>
                </field>
            </fieldset>
        </fields>
    </config>
</extension>
