<?xml version="1.0" encoding="utf-8"?>
<!DOCTYPE install PUBLIC "-//Joomla! 1.6//DTD template 1.0//EN" "http://www.joomla.org/xml/dtd/1.6/template-install.dtd">
<extension version="1.0" type="template" client="site">
	<name>MDC</name>
	<creationDate>xxx</creationDate>
	<author>Eric</author>
	<authorEmail>formateric@gmail.com</authorEmail>
	<authorUrl>http://www.sometry.com</authorUrl>
	<version>1.0.0</version>

	<files>
		<folder>css/</folder>
		<folder>html/</folder>
		<folder>images/</folder>
		<folder>javascript/</folder>
		<filename>index.html</filename>
		<filename>index.php</filename>
		<filename>templateDetails.xml</filename>
		<filename>template_preview.png</filename>
		<filename>template_thumbnail.png</filename>
		<filename>favicon.ico</filename>
	</files>

	<positions>
		<position>usercontroll</position>
		<position>nav1</position>
		<position>nav2</position>
		<position>nav3</position>
		<position>video</position>
		<position>content1</position>
		<position>box1</position>
		<position>box2</position>
		<position>box3</position>
		<position>boxnews</position>
		<position>partner</position>
		<position>footer1</position>
		<position>footer2</position>
		<position>footer3</position>
		<position>footer4</position>
		<position>footertext</position>
		<position>adright</position>
		<position>leftmenu</position>
	</positions>
	<config>
        <fields name="params">
            <fieldset name="base">
                <field name="master" type="hidden" value="true" default="true"/>
            </fieldset>
        </fields>
    </config>

</extension>
